{
    "root": {
        "log": {
            "mapfilename": "/home/user/pro/path-planning-project-master/Examples/Example.json",
            "summary": {
                "numberofsteps": 218,
                "nodescreated": 0,
                "length": 218.0,
                "length_scaled": 218.0,
                "time": "0.056947"
            },
            "path": [
                "[0,0,0,1,1,0,0,0,0,0,0,0,0,1,1,0,0,0,1,0,0,1,1,0,0,0,0,0,0,0]",
                "[0,0,0,1,1,1,1,1,0,0,1,0,0,1,1,0,0,0,0,0,0,1,1,0,0,0,0,0,0,0]",
                "[0,0,0,0,0,0,0,1,0,0,1,0,0,1,1,0,0,0,1,0,0,1,1,0,0,0,0,0,0,0]",
                "[0,0,0,1,1,0,0,1,0,0,1,0,0,1,1,0,0,0,1,0,0,1,1,0,0,0,0,0,0,0]",
                "[0,0,0,1,1,0,0,1,0,0,1,0,0,1,1,0,0,0,1,0,0,1,1,0,0,0,0,0,0,0]",
                "[0,0,0,1,1,0,0,1,0,0,1,0,0,1,1,0,0,0,1,0,0,1,1,1,1,1,0,0,0,0]",
                "[0,0,0,1,1,0,0,1,0,0,1,0,0,1,1,0,0,0,1,0,0,1,1,1,1,1,0,0,0,0]",
                "[0,0,0,0,0,0,0,1,0,0,1,0,0,1,1,0,0,0,1,0,0,1,0,0,0,0,0,0,0,0]",
                "[0,0,0,1,1,0,0,1,0,0,1,0,0,1,1,0,0,0,1,0,0,1,0,0,0,0,0,0,0,0]",
                "[0,0,0,1,1,0,0,1,0,0,1,0,0,1,1,0,0,0,1,0,0,1,0,0,0,0,0,0,0,0]",
                "[0,0,0,1,1,0,0,0,0,0,1,0,0,0,0,0,0,0,1,0,0,0,0,0,0,0,0,0,0,0]",
                "[0,0,0,1,1,1,1,1,1,1,1,1,1,1,1,1,0,1,1,0,1,1,1,1,1,1,1,0,1,1]",
                "[0,0,0,1,1,0,0,0,0,0,0,0,0,1,1,0,0,0,0,0,0,0,0,0,0,0,0,0,0,0]",
                "[0,0,0,0,0,0,0,0,0,0,0,0,0,0,0,0,0,0,0,0,0,0,0,0,0,0,0,0,0,0]",
                "[0,0,0,1,1,0,0,0,0,0,0,0,0,1,1,0,0,0,0,0,0,0,0,0,0,0,0,0,0,0]"
            ],
            "lplevel": [
                "x = 21845, y = 1432851972, time = 218.000000"
            ],
            "hplevel": null,
            "obstaclespath": {
                "obstacle id: 0": [
                    "x = 7, y = 12, time = 0.000000",
                    "x = 8, y = 12, time = 1.000000",
                    "x = 9, y = 12, time = 2.000000",
                    "x = 10, y = 12, time = 3.000000",
                    "x = 10, y = 13, time = 4.000000",
                    "x = 11, y = 13, time = 5.000000",
                    "x = 12, y = 13, time = 6.000000",
                    "x = 13, y = 13, time = 7.000000",
                    "x = 14, y = 13, time = 8.000000",
                    "x = 15, y = 13, time = 9.000000",
                    "x = 16, y = 13, time = 10.000000",
                    "x = 17, y = 13, time = 11.000000",
                    "x = 17, y = 14, time = 12.000000",
                    "x = 18, y = 14, time = 13.000000",
                    "x = 19, y = 14, time = 14.000000",
                    "x = 20, y = 14, time = 15.000000",
                    "x = 21, y = 14, time = 16.000000",
                    "x = 22, y = 14, time = 17.000000",
                    "x = 23, y = 14, time = 18.000000",
                    "x = 23, y = 13, time = 19.000000",
                    "x = 24, y = 13, time = 20.000000",
                    "x = 25, y = 13, time = 21.000000",
                    "x = 26, y = 13, time = 22.000000",
                    "x = 27, y = 13, time = 23.000000",
                    "x = 27, y = 12, time = 24.000000"
                ],
                "obstacle id: 1": [
                    "x = 23, y = 7, time = 0.000000",
                    "x = 24, y = 7, time = 1.000000",
                    "x = 25, y = 7, time = 2.000000",
                    "x = 26, y = 7, time = 3.000000",
                    "x = 26, y = 6, time = 4.000000",
                    "x = 26, y = 5, time = 5.000000",
                    "x = 26, y = 4, time = 6.000000",
                    "x = 25, y = 4, time = 7.000000",
                    "x = 24, y = 4, time = 8.000000",
                    "x = 24, y = 3, time = 9.000000"
                ],
                "obstacle id: 2": [
                    "x = 9, y = 4, time = 0.000000",
                    "x = 9, y = 3, time = 1.000000",
                    "x = 9, y = 2, time = 2.000000",
                    "x = 9, y = 1, time = 3.000000",
                    "x = 9, y = 0, time = 4.000000",
                    "x = 10, y = 0, time = 5.000000",
                    "x = 11, y = 0, time = 6.000000",
                    "x = 11, y = 1, time = 7.000000",
                    "x = 11, y = 2, time = 8.000000",
                    "x = 11, y = 3, time = 9.000000",
                    "x = 11, y = 4, time = 10.000000",
                    "x = 11, y = 5, time = 11.000000",
                    "x = 11, y = 6, time = 12.000000",
                    "x = 11, y = 7, time = 13.000000",
                    "x = 11, y = 8, time = 14.000000",
                    "x = 11, y = 9, time = 15.000000",
                    "x = 11, y = 10, time = 16.000000",
                    "x = 11, y = 10, time = 17.000000",
                    "x = 11, y = 10, time = 18.000000",
                    "x = 11, y = 10, time = 19.000000",
                    "x = 11, y = 10, time = 20.000000",
                    "x = 12, y = 10, time = 21.000000",
                    "x = 13, y = 10, time = 22.000000",
                    "x = 14, y = 10, time = 23.000000",
                    "x = 15, y = 10, time = 24.000000",
                    "x = 15, y = 9, time = 25.000000",
                    "x = 15, y = 8, time = 26.000000",
                    "x = 15, y = 7, time = 27.000000",
                    "x = 15, y = 6, time = 28.000000",
                    "x = 15, y = 5, time = 29.000000",
                    "x = 15, y = 4, time = 30.000000",
                    "x = 15, y = 3, time = 31.000000",
                    "x = 15, y = 2, time = 32.000000",
                    "x = 16, y = 2, time = 33.000000",
                    "x = 16, y = 1, time = 34.000000",
                    "x = 17, y = 1, time = 35.000000",
                    "x = 18, y = 1, time = 36.000000"
                ],
                "obstacle id: 3": [
                    "x = 12, y = 9, time = 0.000000",
                    "x = 12, y = 10, time = 1.000000",
                    "x = 13, y = 10, time = 2.000000",
                    "x = 14, y = 10, time = 3.000000",
                    "x = 15, y = 10, time = 4.000000",
                    "x = 16, y = 10, time = 5.000000",
                    "x = 16, y = 11, time = 6.000000",
                    "x = 16, y = 12, time = 7.000000",
                    "x = 17, y = 12, time = 8.000000",
                    "x = 18, y = 12, time = 9.000000",
                    "x = 19, y = 12, time = 10.000000",
                    "x = 20, y = 12, time = 11.000000",
                    "x = 21, y = 12, time = 12.000000",
                    "x = 22, y = 12, time = 13.000000",
                    "x = 23, y = 12, time = 14.000000",
                    "x = 24, y = 12, time = 15.000000",
                    "x = 25, y = 12, time = 16.000000",
                    "x = 26, y = 12, time = 17.000000",
                    "x = 27, y = 12, time = 18.000000",
                    "x = 27, y = 11, time = 19.000000",
                    "x = 27, y = 10, time = 20.000000",
                    "x = 27, y = 9, time = 21.000000",
                    "x = 27, y = 8, time = 22.000000",
                    "x = 27, y = 7, time = 23.000000",
                    "x = 27, y = 6, time = 24.000000",
                    "x = 27, y = 5, time = 25.000000",
                    "x = 27, y = 4, time = 26.000000",
                    "x = 26, y = 4, time = 27.000000",
                    "x = 26, y = 3, time = 28.000000",
                    "x = 25, y = 3, time = 29.000000",
                    "x = 25, y = 2, time = 30.000000",
                    "x = 24, y = 2, time = 31.000000",
                    "x = 23, y = 2, time = 32.000000"
                ],