{
    "root": {
        "log": {
            "mapfilename": "/home/user/pro/path-planning-project-master/Examples/Example.json",
            "summary": {
                "numberofsteps": 44,
                "nodescreated": 0,
                "length": 44.0,
                "length_scaled": 44.0,
                "time": "0.004318"
            },
            "path": [
                "[0,1,0,0,0,0,1,0]",
                "[0,1,0,1,1,0,1,0]",
                "[0,1,0,0,0,0,1,0]",
                "[0,0,0,1,1,0,0,0]",
                "[1,1,0,0,0,0,1,1]",
                "[0,0,0,1,1,0,0,0]",
                "[0,1,0,0,0,0,1,0]",
                "[0,1,0,1,1,0,1,0]"
            ],
            "lplevel": [
                "x = 21845, y = 1432847440, time = 44.000000"
            ],
            "hplevel": null,
            "obstaclespath": {
                "obstacle id: 0": [
                    "x = 0, y = 0, time = 0.000000",
                    "x = 0, y = 1, time = 1.000000",
                    "x = 0, y = 2, time = 2.000000",
                    "x = 0, y = 3, time = 3.000000",
                    "x = 1, y = 3, time = 4.000000",
                    "x = 2, y = 3, time = 5.000000",
                    "x = 2, y = 4, time = 6.000000",
                    "x = 2, y = 5, time = 7.000000",
                    "x = 2, y = 6, time = 8.000000",
                    "x = 3, y = 6, time = 9.000000",
                    "x = 4, y = 6, time = 10.000000",
                    "x = 5, y = 6, time = 11.000000",
                    "x = 5, y = 5, time = 12.000000",
                    "x = 6, y = 5, time = 13.000000",
                    "x = 7, y = 5, time = 14.000000",
                    "x = 7, y = 6, time = 15.000000",
                    "x = 7, y = 7, time = 16.000000"
                ],
                "obstacle id: 1": [
                    "x = 7, y = 0, time = 0.000000",
                    "x = 7, y = 1, time = 1.000000",
                    "x = 7, y = 2, time = 2.000000",
                    "x = 7, y = 3, time = 3.000000",
                    "x = 6, y = 3, time = 4.000000",
                    "x = 5, y = 3, time = 5.000000",
                    "x = 5, y = 4, time = 6.000000",
                    "x = 4, y = 4, time = 7.000000",
                    "x = 3, y = 4, time = 8.000000",
                    "x = 2, y = 4, time = 9.000000",
                    "x = 2, y = 5, time = 10.000000",
                    "x = 1, y = 5, time = 11.000000",
                    "x = 0, y = 5, time = 12.000000",
                    "x = 0, y = 6, time = 13.000000",
                    "x = 0, y = 7, time = 14.000000"
                ],
                "obstacle id: 2": [
                    "x = 2, y = 0, time = 0.000000",
                    "x = 2, y = 1, time = 1.000000",
                    "x = 2, y = 2, time = 2.000000",
                    "x = 2, y = 3, time = 3.000000",
                    "x = 2, y = 4, time = 4.000000",
                    "x = 2, y = 5, time = 5.000000",
                    "x = 2, y = 6, time = 6.000000",
                    "x = 2, y = 7, time = 7.000000"
                ],
                "obstacle id: 3": [
                    "x = 5, y = 7, time = 0.000000",
                    "x = 5, y = 6, time = 1.000000",
                    "x = 5, y = 5, time = 2.000000",
                    "x = 5, y = 4, time = 3.000000",
                    "x = 5, y = 3, time = 4.000000",
                    "x = 5, y = 2, time = 5.000000",
                    "x = 5, y = 1, time = 6.000000",
                    "x = 5, y = 0, time = 7.000000"
                ]
            },
            "width": 8,
            "height": 8,
            "start": "start_x = 0, start_y = 0",
            "finish": "finish_x = 7, finish_y = 7"
        }
    }
}