{
    "root": {
        "log": {
            "mapfilename": "/home/user/pro/path-planning-project-master/Examples/Example.json",
            "summary": {
                "numberofsteps": 302,
                "nodescreated": 0,
                "length": 302.0,
                "length_scaled": 302.0,
                "time": "0.177789"
            },
            "path": [
                "[0,0,0,1,1,0,0,0,0,0,0,0,0,1,1,0,0,0,1,0,0,1,1,0,0,0,0,0,0,0]",
                "[0,0,0,1,1,1,1,1,0,0,1,0,0,1,1,0,0,0,0,0,0,1,1,0,0,0,0,0,0,0]",
                "[0,0,0,0,0,0,0,1,0,0,1,0,0,1,1,0,0,0,1,0,0,1,1,0,0,0,0,0,0,0]",
                "[0,0,0,1,1,0,0,1,0,0,1,0,0,1,1,0,0,0,1,0,0,1,1,0,0,0,0,0,0,0]",
                "[0,0,0,1,1,0,0,1,0,0,1,0,0,1,1,0,0,0,1,0,0,1,1,0,0,0,0,0,0,0]",
                "[0,0,0,1,1,0,0,1,0,0,1,0,0,1,1,0,0,0,1,0,0,1,1,1,1,1,0,0,0,0]",
                "[0,0,0,1,1,0,0,1,0,0,1,0,0,1,1,0,0,0,1,0,0,1,1,1,1,1,0,0,0,0]",
                "[0,0,0,0,0,0,0,1,0,0,1,0,0,1,1,0,0,0,1,0,0,1,0,0,0,0,0,0,0,0]",
                "[0,0,0,1,1,0,0,1,0,0,1,0,0,1,1,0,0,0,1,0,0,1,0,0,0,0,0,0,0,0]",
                "[0,0,0,1,1,0,0,1,0,0,1,0,0,1,1,0,0,0,1,0,0,1,0,0,0,0,0,0,0,0]",
                "[0,0,0,1,1,0,0,0,0,0,1,0,0,0,0,0,0,0,1,0,0,0,0,0,0,0,0,0,0,0]",
                "[0,0,0,1,1,1,1,1,1,1,1,1,1,1,1,1,0,1,1,0,1,1,1,1,1,1,1,0,1,1]",
                "[0,0,0,1,1,0,0,0,0,0,0,0,0,1,1,0,0,0,0,0,0,0,0,0,0,0,0,0,0,0]",
                "[0,0,0,0,0,0,0,0,0,0,0,0,0,0,0,0,0,0,0,0,0,0,0,0,0,0,0,0,0,0]",
                "[0,0,0,1,1,0,0,0,0,0,0,0,0,1,1,0,0,0,0,0,0,0,0,0,0,0,0,0,0,0]"
            ],
            "lplevel": [
                "x = 21845, y = 1432962824, time = 302.000000"
            ],
            "hplevel": null,
            "obstaclespath": {
                "obstacle id: 0": [
                    "x = 23, y = 0, time = 0.000000",
                    "x = 24, y = 0, time = 1.000000",
                    "x = 24, y = 1, time = 2.000000",
                    "x = 24, y = 2, time = 3.000000",
                    "x = 25, y = 2, time = 4.000000",
                    "x = 25, y = 3, time = 5.000000",
                    "x = 26, y = 3, time = 6.000000",
                    "x = 26, y = 4, time = 7.000000",
                    "x = 26, y = 5, time = 8.000000",
                    "x = 26, y = 6, time = 9.000000",
                    "x = 26, y = 7, time = 10.000000",
                    "x = 25, y = 7, time = 11.000000",
                    "x = 24, y = 7, time = 12.000000",
                    "x = 23, y = 7, time = 13.000000",
                    "x = 23, y = 8, time = 14.000000",
                    "x = 23, y = 9, time = 15.000000",
                    "x = 23, y = 10, time = 16.000000",
                    "x = 23, y = 10, time = 17.000000",
                    "x = 22, y = 10, time = 18.000000",
                    "x = 21, y = 10, time = 19.000000",
                    "x = 20, y = 10, time = 20.000000",
                    "x = 19, y = 10, time = 21.000000",
                    "x = 19, y = 11, time = 22.000000",
                    "x = 19, y = 12, time = 23.000000",
                    "x = 18, y = 12, time = 24.000000",
                    "x = 17, y = 12, time = 25.000000",
                    "x = 16, y = 12, time = 26.000000",
                    "x = 15, y = 12, time = 27.000000",
                    "x = 15, y = 12, time = 28.000000",
                    "x = 15, y = 13, time = 29.000000",
                    "x = 14, y = 13, time = 30.000000",
                    "x = 13, y = 13, time = 31.000000",
                    "x = 12, y = 13, time = 32.000000",
                    "x = 11, y = 13, time = 33.000000",
                    "x = 10, y = 13, time = 34.000000",
                    "x = 9, y = 13, time = 35.000000",
                    "x = 8, y = 13, time = 36.000000",
                    "x = 7, y = 13, time = 37.000000",
                    "x = 6, y = 13, time = 38.000000",
                    "x = 5, y = 13, time = 39.000000",
                    "x = 4, y = 13, time = 40.000000",
                    "x = 3, y = 13, time = 41.000000",
                    "x = 2, y = 13, time = 42.000000",
                    "x = 2, y = 12, time = 43.000000",
                    "x = 2, y = 11, time = 44.000000",
                    "x = 2, y = 10, time = 45.000000",
                    "x = 2, y = 9, time = 46.000000",
                    "x = 2, y = 8, time = 47.000000",
                    "x = 2, y = 7, time = 48.000000",
                    "x = 3, y = 7, time = 49.000000",
                    "x = 4, y = 7, time = 50.000000",
                    "x = 5, y = 7, time = 51.000000",
                    "x = 5, y = 8, time = 52.000000",
                    "x = 5, y = 9, time = 53.000000",
                    "x = 5, y = 10, time = 54.000000",
                    "x = 6, y = 10, time = 55.000000",
                    "x = 7, y = 10, time = 56.000000",
                    "x = 8, y = 10, time = 57.000000",
                    "x = 9, y = 10, time = 58.000000",
                    "x = 9, y = 9, time = 59.000000",
                    "x = 9, y = 8, time = 60.000000",
                    "x = 9, y = 7, time = 61.000000",
                    "x = 9, y = 6, time = 62.000000",
                    "x = 9, y = 5, time = 63.000000",
                    "x = 9, y = 4, time = 64.000000",
                    "x = 9, y = 3, time = 65.000000",
                    "x = 9, y = 2, time = 66.000000",
                    "x = 8, y = 2, time = 67.000000",
                    "x = 8, y = 1, time = 68.000000",
                    "x = 8, y = 0, time = 69.000000",
                    "x = 7, y = 0, time = 70.000000"
                ],
                "obstacle id: 1": [
                    "x = 21, y = 10, time = 0.000000",
                    "x = 20, y = 10, time = 1.000000",
                    "x = 19, y = 10, time = 2.000000",
                    "x = 19, y = 11, time = 3.000000",
                    "x = 19, y = 12, time = 4.000000",
                    "x = 18, y = 12, time = 5.000000",
                    "x = 17, y = 12, time = 6.000000",
                    "x = 17, y = 12, time = 7.000000",
                    "x = 16, y = 12, time = 8.000000",
                    "x = 16, y = 11, time = 9.000000",
                    "x = 16, y = 10, time = 10.000000",
                    "x = 15, y = 10, time = 11.000000",
                    "x = 14, y = 10, time = 12.000000",
                    "x = 13, y = 10, time = 13.000000",
                    "x = 12, y = 10, time = 14.000000",
                    "x = 12, y = 9, time = 15.000000",
                    "x = 12, y = 8, time = 16.000000",
                    "x = 12, y = 7, time = 17.000000",
                    "x = 12, y = 6, time = 18.000000",
                    "x = 12, y = 5, time = 19.000000",
                    "x = 12, y = 4, time = 20.000000",
                    "x = 12, y = 3, time = 21.000000",
                    "x = 12, y = 2, time = 22.000000",
                    "x = 12, y = 1, time = 23.000000",
                    "x = 12, y = 0, time = 24.000000",
                    "x = 11, y = 0, time = 25.000000",
                    "x = 10, y = 0, time = 26.000000",
                    "x = 9, y = 0, time = 27.000000",
                    "x = 9, y = 1, time = 28.000000",
                    "x = 9, y = 2, time = 29.000000",
                    "x = 8, y = 2, time = 30.000000",
                    "x = 8, y = 3, time = 31.000000"
                ],